year,Earnings Dispersion - Gross individual earnings
1982,182.1
1983,186.2
1984,189.6
1985,196.3
1986,202.2
1987,206.4
1988,205.7
1989,209.8
1991,216.7
1992,223.4
1993,226.4
1994,232.2
1995,233.8
1996,237.4
1997,238.3
1998,238.9
1999,240.1
2000,251.6
2002,254.1009464
2006,278.2580945
2010,273.9893217
2014,258.4381062
2018,243.6375323
