year,Earnings Dispersion - Gross individual earnings
2006,198.94958
2010,193.420273
2014,193.861607
2018,196.572692
