year,Earnings Dispersion - Gross individual earnings
2002,167.8234147
2006,176.6313933
2010,171.0870546
2014,170.9567586
2018,169.5793582
1986,39.8
1987,40
1988,40.2
1989,42
1990,42.5
1991,42.5
1992,42.5
1993,43
1994,43.5
