year,Top decile as % median - Gross individual earnings
2002,167.8234147
2006,176.6313933
2010,171.0870546
2014,170.9567586
2018,169.5793582
