year,F5 - Earnings Dispersion
2002,167.8234147
2003,NA
2004,NA
2005,NA
2006,176.6313933
2007,NA
2008,NA
2009,NA
2010,171.0870546
2011,NA
2012,NA
2013,NA
2014,170.9567586
2015,NA
2016,NA
2017,NA
2018,169.5793582