year,F6 - Earnings Dispersion
1991,162.4292193
1992,160.3619889
1993,160.4461727
1994,160.9971638
1995,166.4349523
1996,165.961538
1998,170.465156
2000,172.939399
2002,175.433198
2004,177.603583
2006,181.539903
2008,184.261501
2010,185.588805
2012,186.05695
2014,179.146583
2016,179.812141
2018,184.640976
